{
  "displayName": "Run API - 5xx Error Rate > 1% (5m)",
  "combiner": "OR",
  "conditions": [
    {
      "displayName": "5xx ratio",
      "conditionThreshold": {
        "filter": "resource.type=\"cloud_run_revision\" AND metric.type=\"run.googleapis.com/request_count\" AND metric.label.response_code_class=\"5xx\" AND resource.label.service_name=\"herbitrage-api\"",
        "denominatorFilter": "resource.type=\"cloud_run_revision\" AND metric.type=\"run.googleapis.com/request_count\" AND resource.label.service_name=\"herbitrage-api\"",
        "comparison": "COMPARISON_GT",
        "thresholdValue": 0.01,
        "duration": "300s",
        "trigger": {
          "count": 1
        },
        "aggregations": [
          {
            "alignmentPeriod": "60s",
            "perSeriesAligner": "ALIGN_DELTA"
          }
        ]
      }
    }
  ],
  "notificationChannels": [],
  "enabled": true
}