{
  "displayName": "Run API - p95 Latency > 400ms (10m)",
  "combiner": "OR",
  "conditions": [
    {
      "displayName": "p95 latency",
      "conditionThreshold": {
        "filter": "resource.type=\"cloud_run_revision\" AND metric.type=\"run.googleapis.com/request_latencies\" AND resource.label.service_name=\"herbitrage-api\"",
        "comparison": "COMPARISON_GT",
        "thresholdValue": 0.4,
        "duration": "600s",
        "trigger": {
          "count": 1
        },
        "aggregations": [
          {
            "alignmentPeriod": "60s",
            "perSeriesAligner": "ALIGN_PERCENTILE_95"
          }
        ]
      }
    }
  ],
  "notificationChannels": [],
  "enabled": true
}