{
  "displayName": "Herbitrage Command Center \u2014 UNF",
  "gridLayout": {
    "columns": 3,
    "widgets": [
      {
        "title": "API 5xx Ratio",
        "xyChart": {
          "dataSets": [
            {
              "timeSeriesQuery": {
                "timeSeriesFilter": {
                  "filter": "resource.type=\"cloud_run_revision\" AND metric.type=\"run.googleapis.com/request_count\" AND metric.label.response_code_class=\"5xx\" AND resource.label.service_name=\"herbitrage-api\""
                }
              }
            }
          ]
        }
      },
      {
        "title": "API p95 Latency (s)",
        "xyChart": {
          "dataSets": [
            {
              "timeSeriesQuery": {
                "timeSeriesFilter": {
                  "filter": "resource.type=\"cloud_run_revision\" AND metric.type=\"run.googleapis.com/request_latencies\" AND resource.label.service_name=\"herbitrage-api\""
                },
                "plotType": "LINE"
              }
            }
          ]
        }
      },
      {
        "title": "Revenue (BQ tile)",
        "scorecard": {
          "timeSeriesQuery": {
            "timeSeriesFilter": {
              "filter": "metric.type=\"custom.googleapis.com/herbitrage/revenue\""
            }
          }
        }
      }
    ]
  }
}